<code_scheme name="Default" version="173">
  <option name="FORMATTER_TAGS_ACCEPT_REGEXP" value="true" />
  <CssCodeStyleSettings>
    <option name="BRACE_PLACEMENT" value="1" />
  </CssCodeStyleSettings>
  <codeStyleSettings language="Groovy">
    <option name="ALIGN_MULTILINE_PARAMETERS_IN_CALLS" value="true" />
  </codeStyleSettings>
  <codeStyleSettings language="JAVA">
    <option name="BLANK_LINES_BEFORE_CLASS_END" value="1" />
    <option name="BRACE_STYLE" value="2" />
    <option name="CLASS_BRACE_STYLE" value="2" />
    <option name="METHOD_BRACE_STYLE" value="2" />
    <option name="LAMBDA_BRACE_STYLE" value="2" />
    <option name="ELSE_ON_NEW_LINE" value="true" />
    <option name="CATCH_ON_NEW_LINE" value="true" />
    <option name="FINALLY_ON_NEW_LINE" value="true" />
  </codeStyleSettings>
</code_scheme>